{"cameraMode":{"drawMode":0,"name":"Shaded","section":"Shading Mode"},"sceneLighting":false,"audioPlay":false,"sceneViewState":{"m_AlwaysRefresh":false,"showFog":true,"showSkybox":false,"showFlares":true,"showImageEffects":true,"showParticleSystems":true,"showVisualEffectGraphs":true,"m_FxEnabled":true},"in2DMode":false,"pivot":{"x":-1.2482889890670777,"y":0.05075788497924805,"z":2.1492295265197756},"rotation":{"x":0.19785913825035096,"y":0.8012091517448425,"z":-0.3770084083080292,"w":0.4204864203929901},"size":1.528304934501648,"orthographic":false}